得意先コード,得意先名,カナ名,住所,与信限度額,取引開始日,担当,備考
C0001,株式会社あかつき商事,ｱｶﾂｷｼｮｳｼﾞ,"東京都千代田区1-2-3, 丸の内ビル",00120000,2011-04-01,営業1課,
C0002,ｻﾝﾗｲｽﾞ物流,ｻﾝﾗｲｽﾞﾌﾞﾂﾘｭｳ,大阪府大阪市北区4-5,0,2015-09-15,営業2課,"2026-03 で取引停止
与信枠は 0 に更新済み"
C0003,みどり工業,ﾐﾄﾞﾘｺｳｷﾞｮｳ,愛知県名古屋市中村区6-7,05000000,2003-11-01,営業1課,
C0004,"株式会社""あおぞら""商会",ｱｵｿﾞﾗｼｮｳｶｲ,福岡県福岡市博多区8-9,00800000,2020-06-01,営業3課,屋号に引用符あり
C0005,ひかり産業,ﾋｶﾘｻﾝｷﾞｮｳ,"北海道札幌市中央区10-11
第2ひかりビル",00250000,2018-02-01,営業2課,住所が 2 行
C0006,"やまと""運輸倉庫""株式会社",ﾔﾏﾄｳﾝﾕｿｳｺ,神奈川県横浜市西区12-13,01500000,2009-07-01,営業2課,"与信枠は 2026-04 に 1,000,000 から 1,500,000 へ増枠
ただし、月商の 3 倍を超える場合は都度承認"
C0007,新星電機,ｼﾝｾｲﾃﾞﾝｷ,兵庫県神戸市中央区14-15,00300000,2021-10-01,営業3課
C0003,みどり工業（名寄せ前）,ﾐﾄﾞﾘｺｳｷﾞｮｳ,愛知県名古屋市中村区6-7,05000000,2003-11-01,営業1課,同一コードが 2 度出てくる
